{
  "Operations": {
    "Add": [
      {
        "Description": "Joe;SUM;TURN10",
        "Value1": 40,
        "Value2": 2
      },
      {
        "Description": "Sam;SUM41;TURN10",
        "Value1": 20,
        "Value2": 21
      },
      {
        "Description": "Fox;SUM;TURN10",
        "Value1": 20,
        "Value2": 30
      },
      {
        "Description": "Fox;SUM;T10",
        "Value1": 5,
        "Value2": 5
      }
    ],
    "Multiply": {
      "Description": "Sam;MULTIPLY;TURN10",
      "Value1": 2,
      "Value2": 3
    },
    "Subtract": {
      "Description": "Joe;SUB;TURN10",
      "Value1": 100,
      "Value2": 54
    },
    "Divide": [
      {
        "Description": "Susan;DIVIDE;",
        "Value1": 50,
        "Value2": 2
      },
      {
        "Description": "Susan;DIVIDE;TURN10;",
        "Value1": 3,
        "Value2": 2
      }
    ]
  }
}