﻿<Operations>
  <Add>
    <Description>Joe;SUM;TURN10</Description>
    <Value1>40</Value1>
    <Value2>2</Value2>
  </Add>
  <Multiply>
    <Description>Sam;MULTIPLY;TURN10</Description>
    <Value1>2</Value1>
    <Value2>3</Value2>
  </Multiply>
  <Add>
    <Description>Sam;SUM;TURN10</Description>
    <Value1>20</Value1>
    <Value2>21</Value2>
  </Add>
  <Subtract>
    <Description>Joe;SUB;TURN10</Description>
    <Value1>100</Value1>
    <Value2>54</Value2>
  </Subtract>
  <Divide>
    <Description>Susan;DIVIDE;</Description>
    <Value1>50</Value1>
    <Value2>2</Value2>
  </Divide>
  <Divide>
    <Description>Susan;DIVIDE;TURN10;</Description>
    <Value1>3</Value1>
    <Value2>2</Value2>
  </Divide>
  <Add>
    <Description>Fox;SUM;TURN10</Description>
    <Value1>20</Value1>
    <Value2>30</Value2>
  </Add>
  <Add>
    <Description>Fox;SUM;T10</Description>
    <Value1>5</Value1>
    <Value2>5</Value2>
  </Add>
</Operations>
